"Barcode","Count","Images"
"7100001","7","01.jpg,02.jpg,03.jpg,04.jpg,05.jpg,06.jpg,07.jpg"
"7100002","7","01.jpg,02.jpg,03.jpg,04.jpg,05.jpg,06.jpg,07.jpg"
"7100003","7","01.jpg,02.jpg,03.jpg,04.jpg,05.jpg,06.jpg,07.jpg"
"7100004","7","01.jpg,02.jpg,03.jpg,04.jpg,05.jpg,06.jpg,07.jpg"
"7100005","7","01.jpg,02.jpg,03.jpg,04.jpg,05.jpg,06.jpg,07.jpg"
"7100006","7","01.jpg,02.jpg,03.jpg,04.jpg,05.jpg,06.jpg,07.jpg"
"7100007","7","01.jpg,02.jpg,03.jpg,04.jpg,05.jpg,06.jpg,07.jpg"
"7100008","5","01.jpg,03.jpg,05.jpg,06.jpg,07.jpg"
"7100009","7","01.jpg,02.jpg,03.jpg,04.jpg,05.jpg,06.jpg,07.jpg"
"7100010","7","01.jpg,02.jpg,03.jpg,04.jpg,05.jpg,06.jpg,07.jpg"
"7100011","7","01.jpg,02.jpg,03.jpg,04.jpg,05.jpg,06.jpg,07.jpg"
"7100012","6","02.jpg,03.jpg,04.jpg,05.jpg,06.jpg,07.jpg"
"7100013","6","01.jpg,02.jpg,03.jpg,04.jpg,05.jpg,06.jpg"
"7100014","7","01.jpg,02.jpg,03.jpg,04.jpg,05.jpg,06.jpg,07.jpg"
"7100015","6","01.jpg,03.jpg,04.jpg,05.jpg,06.jpg,07.jpg"
"7100016","7","01.jpg,02.jpg,03.jpg,04.jpg,05.jpg,06.jpg,07.jpg"
"7100017","7","01.jpg,02.jpg,03.jpg,04.jpg,05.jpg,06.jpg,07.jpg"
"7100018","6","01.jpg,02.jpg,03.jpg,04.jpg,05.jpg,06.jpg"
"7100019","5","01.jpg,03.jpg,04.jpg,05.jpg,06.jpg"
"7100020","6","01.jpg,02.jpg,03.jpg,04.jpg,05.jpg,06.jpg"
"7100022","5","黄色-1.jpg,黄色-2.jpg,黄色-3.jpg,黄色-4.jpg,黄色-5.jpg"
"7100023","5","1.jpg,2.jpg,3.jpg,4.jpg,5.jpg"
"7100024","5","黑色-1.jpg,黑色-2.jpg,黑色-3.jpg,黑色-4.jpg,黑色-5.jpg"
"7100025","5","蓝色-1.jpg,蓝色-2.jpg,蓝色-3.jpg,蓝色-4.jpg,蓝色-5.jpg"
"7100026","5","钛色-1.jpg,钛色-2.jpg,钛色-3.jpg,钛色-4.jpg,钛色-5.jpg"
"7100027","5","钛色-1.jpg,钛色-2.jpg,钛色-3.jpg,钛色-4.jpg,钛色-5.jpg"
"7100028","6","01-产品主图.jpg,02-产品+设备.jpg,03-分层介绍.jpg,04-包装正面+产品.jpg,05-包装正面.jpg,06-包装正面+背面.jpg"
"7100029","6","01-产品主图.jpg,02-产品+设备.jpg,03-分层介绍.jpg,04-包装正面+产品.jpg,05-包装正面.jpg,06-包装正面+背面.jpg"
"7100030","6","01-产品主图.jpg,02-产品+设备.jpg,03-分层介绍.jpg,04-包装正面+产品.jpg,05-包装正面.jpg,06-包装正面+背面.jpg"
"7100031","5","01-产品图.jpg,03-产品使用图-侧面.jpg,04-包装正面+产品.jpg,05-包装正面.jpg,06-包装正面+背面.jpg"
"7100032","5","01-产品图.jpg,03-产品使用图-侧面.jpg,04-包装正面+产品.jpg,05-包装正面.jpg,06-包装正面+背面.jpg"
"7100033","5","01-产品图.jpg,03-产品使用图-侧面.jpg,04-包装正面+产品.jpg,05-包装正面.jpg,06-包装正面+背面.jpg"
"7100034","5","01-产品图.jpg,03-产品使用图-侧面.jpg,04-包装正面+产品.jpg,05-包装正面.jpg,06-包装正面+背面.jpg"
"7100035","5","01-产品图.jpg,03-产品使用图-侧面.jpg,04-包装正面+产品.jpg,05-包装正面.jpg,06-包装正面+背面.jpg"
"7100036","5","01-产品图.jpg,03-产品使用图-侧面.jpg,04-包装正面+产品.jpg,05-包装正面.jpg,06-包装正面+背面.jpg"
"7100037","6","01-产品图.jpg,02-产品使用图.jpg,03-产品使用图-侧面.jpg,04-包装正面+产品.jpg,05-包装正面.jpg,06-包装正面+背面.jpg"
"7100038","5","01-产品图.jpg,03-产品使用图-侧面.jpg,04-包装正面+产品.jpg,05-包装正面.jpg,06-包装正面+背面.jpg"
"7100039","5","01-产品图.jpg,03-产品使用图-侧面.jpg,04-包装正面+产品.jpg,05-包装正面.jpg,06-包装正面+背面.jpg"
"7100040","2","01-黑色-正背面.jpg,03-黑色-侧面.jpg"
"7100041","2","01-白色-正背面.jpg,whtpro-1.jpg"
"7100042","2","01-灰色-正背面.jpg,03-灰色-侧面.jpg"
"7100043","3","01-蓝色-正背面.jpg,03-蓝色-侧面.jpg,BLE-2.jpg"
"7100044","2","01-黑色-正背面.jpg,03-黑色-侧面.jpg"
"7100045","2","01-白色-正背面.jpg,03-白色-侧面.jpg"
"7100046","2","01-灰色-正背面.jpg,03-灰色-侧面.jpg"
"7100047","4","01-蓝色-正背面.jpg,03-蓝色-侧面.jpg,Blue-1.jpg,Blue-2.jpg"
"7100048","8","OH-1.jpg,OH-2.jpg,OH-3.jpg,OH-4.jpg,OH-5.jpg,OH-6.jpg,OH-7.jpg,OH-8.jpg"
"7100049","8","PV-1.jpg,PV-2.jpg,PV-3.jpg,PV-4.jpg,PV-5.jpg,PV-6.jpg,PV-7.jpg,PV-8.jpg"
"7100050","8","OH-1.jpg,OH-2.jpg,OH-3.jpg,OH-4.jpg,OH-5.jpg,OH-6.jpg,OH-7.jpg,OH-8.jpg"
"7100051","8","PV-1.jpg,PV-2.jpg,PV-3.jpg,PV-4.jpg,PV-5.jpg,PV-6.jpg,PV-7.jpg,PV-8.jpg"
"7100053","4","01.jpg,02.jpg,03.jpg,04.jpg"
"7100054","4","01.jpg,02.jpg,03.jpg,04.jpg"
"7100055","4","01.jpg,02.jpg,03.jpg,04.jpg"
"7100056","4","01.jpg,02.jpg,03.jpg,04.jpg"
"7100057","3","1.jpg,2-line.jpg,3.jpg"
"7100058","3","1.jpg,2-line.jpg,3.jpg"
"7100059","3","1.jpg,2-line.jpg,3.jpg"
"7100060","3","1.jpg,2-line.jpg,3.jpg"
"7100068","6","01.jpg,02.jpg,03.jpg,04.jpg,05.jpg,06.jpg"
"7100069","6","01.jpg,02.jpg,03.jpg,04.jpg,05.jpg,06.jpg"
"7100070","6","01.jpg,02.jpg,03.jpg,04.jpg,05.jpg,06.jpg"
"7100071","6","01.jpg,02.jpg,03.jpg,04.jpg,05.jpg,06.jpg"
"7100072","4","01.jpg,02.jpg,03.jpg,04.jpg"
"7100073","4","01.jpg,02.jpg,03.jpg,04.jpg"
"7100074","4","01.jpg,02.jpg,03.jpg,04.jpg"
"7100075","4","01.jpg,02.jpg,03.jpg,04.jpg"
"7100076","4","01.jpg,02.jpg,03.jpg,04.jpg"
"7100077","4","01.jpg,02.jpg,03.jpg,04.jpg"
"7100078","4","01.jpg,02.jpg,03.jpg,04.jpg"
"7100079","4","01.jpg,02.jpg,03.jpg,04.jpg"
"7100080","4","01.jpg,02.jpg,03.jpg,04.jpg"
"7100081","4","1.jpg,2.jpg,3.jpg,4.jpg"
"7100082","4","1.jpg,2.jpg,3.jpg,4.jpg"
"7100083","4","1.jpg,2.jpg,3.jpg,4.jpg"
"7100084","6","01.jpg,02.jpg,03.jpg,04.jpg,05.jpg,06.jpg"
"7100085","6","01.jpg,02.jpg,03.jpg,04.jpg,05.jpg,06.jpg"
"7100086","6","01.jpg,02.jpg,03.jpg,04.jpg,05.jpg,06.jpg"
"7100087","6","01.jpg,02.jpg,03.jpg,04.jpg,05.jpg,06.jpg"
"7100088","6","01.jpg,02.jpg,03.jpg,04.jpg,05.jpg,06.jpg"
"7100089","6","01.jpg,02.jpg,03.jpg,04.jpg,05.jpg,06.jpg"
"7100096","4","1.jpg,2.jpg,3.jpg,4.jpg"
"7100097","4","1.jpg,2.jpg,3.jpg,4.jpg"
"7100098","4","1.jpg,2.jpg,3.jpg,4.jpg"
"7100099","4","01.jpg,02.jpg,03.jpg,04.jpg"
"7100100","4","01.jpg,02.jpg,03.jpg,04.jpg"
"7100101","4","01.jpg,02.jpg,03.jpg,04.jpg"
"7100102","4","01.jpg,02.jpg,03.jpg,04.jpg"
"7100103","4","01.jpg,02.jpg,03.jpg,04.jpg"
"7100104","4","01.jpg,02.jpg,03.jpg,04.jpg"
"7100105","4","01.jpg,02.jpg,03.jpg,04.jpg"
"7100106","4","01.jpg,02.jpg,03.jpg,04.jpg"
"7100107","4","01.jpg,02.jpg,03.jpg,04.jpg"
"7100108","4","01.jpg,02.jpg,03.jpg,04.jpg"
"7100109","4","01.jpg,02.jpg,03.jpg,04.jpg"
"7100110","4","01.jpg,02.jpg,03.jpg,04.jpg"
"7100111","4","1.jpg,2.jpg,3.jpg,4.jpg"
"7100112","4","1.jpg,2.jpg,3.jpg,4.jpg"
"7100113","4","1.jpg,2.jpg,3.jpg,4.jpg"
"7100114","7","01.jpg,02.jpg,03.jpg,04.jpg,05.jpg,06.jpg,07.jpg"
"7100115","7","01.jpg,02.jpg,03.jpg,04.jpg,05.jpg,06.jpg,07.jpg"
"7100116","7","01.jpg,02.jpg,03.jpg,04.jpg,05.jpg,06.jpg,07.jpg"
"7100117","7","01.jpg,02.jpg,03.jpg,04.jpg,05.jpg,06.jpg,07.jpg"
"7100118","4","1.jpg,2.jpg,3.jpg,4.jpg"
"7100119","4","1.jpg,2.jpg,3.jpg,4.jpg"
"7100120","4","1.jpg,2.jpg,3.jpg,4.jpg"
"7100121","4","1.jpg,2.jpg,3.jpg,4.jpg"
"7100122","5","1.jpg,2.jpg,3.jpg,4.jpg,5.jpg"
"7100123","5","1.jpg,2.jpg,3.jpg,4.jpg,5.jpg"
"7100125","6","01.jpg,02.jpg,03.jpg,04.jpg,05.jpg,06.jpg"
"7100126","6","01.jpg,02.jpg,03.jpg,04.jpg,05.jpg,06.jpg"
"7100127","6","01.jpg,02.jpg,03.jpg,04.jpg,05.jpg,06.jpg"
"7100128","6","01.jpg,02.jpg,03.jpg,04.jpg,05.jpg,06.jpg"
"7100129","6","01.jpg,02.jpg,03.jpg,04.jpg,05.jpg,06.jpg"
"7100130","6","01.jpg,02.jpg,03.jpg,04.jpg,05.jpg,06.jpg"
"7100131","6","01.jpg,02.jpg,03.jpg,04.jpg,05.jpg,06.jpg"
"7100132","6","01.jpg,02.jpg,03.jpg,04.jpg,05.jpg,06.jpg"
"7100133","4","基础款手机壳套图-16.jpg,基础款手机壳套图-16-2.jpg,基础款手机壳套图-16-3.jpg,基础款手机壳套图-16-4.jpg"
"7100134","4","基础款手机壳套图-16Plus.jpg,基础款手机壳套图-16Plus-2.jpg,基础款手机壳套图-16Plus-3.jpg,基础款手机壳套图-16Plus-4.jpg"
"7100135","4","基础款手机壳套图-16Pro-不带磁吸.jpg,基础款手机壳套图-16Pro-不带磁吸-2.jpg,基础款手机壳套图-16Pro-不带磁吸-3.jpg,基础款手机壳套图-16Pro不带磁吸-4.jpg"
"7100136","4","基础款手机壳套图-16Pro Max-不带磁吸.jpg,基础款手机壳套图-16Pro Max-不带磁吸-2.jpg,基础款手机壳套图-16Pro Max-不带磁吸-3.jpg,基础款手机壳套图-16Pro Max-不带磁吸-4.jpg"
"7100137","4","基础款手机壳套图-16带磁吸.jpg,基础款手机壳套图-16带磁吸-2.jpg,基础款手机壳套图-16带磁吸-3.jpg,基础款手机壳套图-16带磁吸-4.jpg"
"7100138","4","基础款手机壳套图-16Plus带磁吸.jpg,基础款手机壳套图-16Plus带磁吸-2.jpg,基础款手机壳套图-16Plus带磁吸-3.jpg,基础款手机壳套图-16Plus带磁吸-4.jpg"
"7100139","4","基础款手机壳套图-16Pro带磁吸.jpg,基础款手机壳套图-16Pro-带磁吸-2.jpg,基础款手机壳套图-16Pro-带磁吸-3.jpg,基础款手机壳套图-16Pro带磁吸-4.jpg"
"7100140","4","基础款手机壳套图-16Pro Max带磁吸.jpg,基础款手机壳套图-16Pro Max-带磁吸-2.jpg,基础款手机壳套图-16Pro Max-带磁吸-3.jpg,基础款手机壳套图-16Pro Max带磁吸-4.jpg"
"7100141","5","1-透绿色.jpg,2-透绿色.jpg,3-透绿色.jpg,4-透绿色.jpg,5-透绿色.jpg"
"7100142","5","1-透紫色.jpg,2-透紫色.jpg,3-透紫色.jpg,4-透紫色.jpg,5-透紫色.jpg"
"7100143","5","1-透蓝色.jpg,2-透蓝色.jpg,3-透蓝色.jpg,4-透蓝色.jpg,5-透蓝色.jpg"
"7100144","5","1-沙漠金.jpg,2-沙漠金.jpg,3-沙漠金.jpg,4-沙漠金.jpg,5-沙漠金.jpg"
"7100145","6","1-金属钛色.jpg,2-金属钛色.jpg,3-金属钛色.jpg,4-金属钛色.jpg,5-金属钛色.jpg,6-金属钛色.jpg"
"7100146","6","1-金属黑色.jpg,2-金属黑色.jpg,3-金属黑色.jpg,4-金属黑色.jpg,5-金属黑色.jpg,6-金属黑色.jpg"
"7100147","6","1-金属银色.jpg,2-金属银色.jpg,3-金属银色.jpg,4-金属银色.jpg,5-金属银色.jpg,6-金属银色.jpg"
"7100148","6","1-金属古铜.jpg,2-金属古铜.jpg,3-金属古铜.jpg,4-金属古铜.jpg,5-金属古铜.jpg,6-金属古铜.jpg"
"7100149","6","1-透明三孔.jpg,2-透明三孔.jpg,3-透明三孔.jpg,4-透明三孔.jpg,5-透明三孔.jpg,6-透明三孔.jpg"
"7100150","6","1AR.jpg,2AR.jpg,3AR.jpg,4AR.jpg,5AR.jpg,6 AR.jpg"
"7100151","6","1AR.jpg,2AR.jpg,3AR.jpg,4AR.jpg,5AR.jpg,6 AR.jpg"
"7100152","6","1AR.jpg,2AR.jpg,3AR.jpg,4AR.jpg,5AR.jpg,6 AR.jpg"
"7100153","6","1AR.jpg,2AR.jpg,3AR.jpg,4AR.jpg,5AR.jpg,6 AR.jpg"
"7100154","6","1AR.jpg,2AR.jpg,3AR.jpg,4AR.jpg,5AR.jpg,6 AR.jpg"
"7100155","6","1AR.jpg,2AR.jpg,3AR.jpg,4AR.jpg,5AR.jpg,6 AR.jpg"
"7100156","6","1AR.jpg,2AR.jpg,3AR.jpg,4AR.jpg,5AR.jpg,6 AR.jpg"
"7100157","6","1AR.jpg,2AR.jpg,3AR.jpg,4AR.jpg,5AR.jpg,6 AR.jpg"
"7100158","6","01.jpg,02.jpg,03.jpg,04.jpg,05.jpg,06.jpg"
"7100159","6","01.jpg,02.jpg,03.jpg,04.jpg,05.jpg,06.jpg"
"7100160","6","01.jpg,02.jpg,03.jpg,04.jpg,05.jpg,06.jpg"
"7100161","6","1-透明两孔.jpg,2-透明两孔.jpg,3-透明两孔.jpg,4-透明两孔.jpg,5-透明两孔.jpg,6-透明两孔.jpg"
"7100162","6","01-保护膜+壳+镜头膜.jpg,02-手机正背面+客+镜头膜.jpg,03-手机正面+安装框+片材.jpg,04-侧面-机+膜.jpg,05-包装正面-安装框+膜+壳+镜头膜.jpg,06-包装正面.jpg"
"7100163","6","01-保护膜+壳+镜头膜.jpg,02-手机正背面+客+镜头膜.jpg,03-手机正面+安装框+片材.jpg,04-侧面-机+膜.jpg,05-包装正面-安装框+膜+壳+镜头膜.jpg,06-包装正面.jpg"
"7100164","6","01-保护膜+壳+镜头膜.jpg,02-手机正背面+客+镜头膜.jpg,03-手机正面+安装框+片材.jpg,04-侧面-机+膜.jpg,05-包装正面-安装框+膜+壳+镜头膜.jpg,06-包装正面.jpg"
"7100165","6","01-保护膜+壳+镜头膜.jpg,02-手机正背面+客+镜头膜.jpg,03-手机正面+安装框+片材.jpg,04-侧面-机+膜.jpg,05-包装正面-安装框+膜+壳+镜头膜.jpg,06-包装正面.jpg"
"7100166","6","01-保护膜+壳+镜头膜.jpg,02-手机正背面+客+镜头膜.jpg,03-手机正面+安装框+片材.jpg,04-侧面-机+膜.jpg,05-包装正面-安装框+膜+壳+镜头膜.jpg,06-包装正面.jpg"
"7100167","6","01-保护膜+壳+镜头膜.jpg,02-手机正背面+客+镜头膜.jpg,03-手机正面+安装框+片材.jpg,04-侧面-机+膜.jpg,05-包装正面-安装框+膜+壳+镜头膜.jpg,06-包装正面.jpg"
"7100168","6","01-保护膜+壳+镜头膜.jpg,02-手机正背面+客+镜头膜.jpg,03-手机正面+安装框+片材.jpg,04-侧面-机+膜.jpg,05-包装正面-安装框+膜+壳+镜头膜.jpg,06-包装正面.jpg"
"7100169","6","01-保护膜+壳+镜头膜.jpg,02-手机正背面+客+镜头膜.jpg,03-手机正面+安装框+片材.jpg,04-侧面-机+膜.jpg,05-包装正面-安装框+膜+壳+镜头膜.jpg,06-包装正面.jpg"
"7100170","6","01-保护膜+壳+镜头膜.jpg,02-手机正背面+客+镜头膜.jpg,03-手机正面+安装框+片材.jpg,04-侧面-机+膜.jpg,05-包装正面-安装框+膜+壳+镜头膜.jpg,06-包装正面.jpg"
"7100171","6","01-保护膜+壳+镜头膜.jpg,02-手机正背面+客+镜头膜.jpg,03-手机正面+安装框+片材.jpg,04-侧面-机+膜.jpg,05-包装正面-安装框+膜+壳+镜头膜.jpg,06-包装正面.jpg"
"7100172","6","01-保护膜+壳+镜头膜.jpg,02-手机正背面+客+镜头膜.jpg,03-手机正面+安装框+片材.jpg,04-侧面-机+膜.jpg,05-包装正面-安装框+膜+壳+镜头膜.jpg,06-包装正面.jpg"
"7100173","6","01-保护膜+壳+镜头膜.jpg,02-手机正背面+客+镜头膜.jpg,03-手机正面+安装框+片材.jpg,04-侧面-机+膜.jpg,05-包装正面-安装框+膜+壳+镜头膜.jpg,06-包装正面.jpg"
"7100174","6","01-保护膜+壳+镜头膜.jpg,02-手机正背面+客+镜头膜.jpg,03-手机正面+安装框+片材.jpg,04-侧面-机+膜.jpg,05-包装正面-安装框+膜+壳+镜头膜.jpg,06-包装正面.jpg"
"7100175","6","01-保护膜+壳+镜头膜.jpg,02-手机正背面+客+镜头膜.jpg,03-手机正面+安装框+片材.jpg,04-侧面-机+膜.jpg,05-包装正面-安装框+膜+壳+镜头膜.jpg,06-包装正面.jpg"
"7100176","6","01-保护膜+壳+镜头膜.jpg,02-手机正背面+客+镜头膜.jpg,03-手机正面+安装框+片材.jpg,04-侧面-机+膜.jpg,05-包装正面-安装框+膜+壳+镜头膜.jpg,06-包装正面.jpg"
"7100177","6","01-保护膜+壳+镜头膜.jpg,02-手机正背面+客+镜头膜.jpg,03-手机正面+安装框+片材.jpg,04-侧面-机+膜.jpg,05-包装正面-安装框+膜+壳+镜头膜.jpg,06-包装正面.jpg"
"7100178","8","1 加硬玻璃.jpg,2 加硬玻璃.jpg,3 加硬玻璃.jpg,4 加硬玻璃.jpg,5 加硬玻璃.jpg,5加硬玻璃.jpg,6 加硬玻璃.jpg,7加硬玻璃.jpg"
"7100179","8","1 加硬玻璃.jpg,2 加硬玻璃.jpg,3 加硬玻璃.jpg,4 加硬玻璃.jpg,5 加硬玻璃.jpg,5加硬玻璃.jpg,6 加硬玻璃.jpg,7加硬玻璃.jpg"
"7100180","8","1 加硬玻璃.jpg,2 加硬玻璃.jpg,3 加硬玻璃.jpg,4 加硬玻璃.jpg,5 加硬玻璃.jpg,5加硬玻璃.jpg,6 加硬玻璃.jpg,7加硬玻璃.jpg"
"7100181","8","1 加硬玻璃.jpg,2 加硬玻璃.jpg,3 加硬玻璃.jpg,4 加硬玻璃.jpg,5 加硬玻璃.jpg,5加硬玻璃.jpg,6 加硬玻璃.jpg,7加硬玻璃.jpg"
"7100182","7","1-蓝色.jpg,2-蓝色.jpg,3-蓝色.jpg,4-蓝色.jpg,5-蓝色(1).jpg,5-蓝色.jpg,6-蓝色.jpg"
"7100183","6","1-粉色.jpg,2-粉色.jpg,3-粉色.jpg,4-粉色.jpg,5-粉色.jpg,6-粉色.jpg"
"7100184","6","1-绿色.jpg,2-绿色.jpg,3-绿色.jpg,4-绿色.jpg,5-绿色.jpg,6-绿色.jpg"
"7100185","6","1-白色.jpg,2-白色.jpg,3-白色.jpg,4-白色.jpg,5-白色.jpg,6-白色.jpg"
"7100186","6","1-黑色.jpg,2-黑色.jpg,3-黑色.jpg,4-黑色.jpg,5-黑色.jpg,6-黑色.jpg"
"7100187","7","1 OHARA 16 Pro 高清.jpg,2 OHARA 16 Pro 高清.jpg,3 OHARA 16 Pro 高清.jpg,4 OHARA 16 Pro 高清.jpg,5 OHARA 16 Pro 高清.jpg,6 OHARA 16 Pro 高清.jpg,7 OHARA 16 Pro 高清.jpg"
"7100188","7","1 OHARA 16 Pro 防窥.jpg,2 OHARA 16 Pro 防窥.jpg,3 OHARA 16 Pro 防窥.jpg,4 OHARA 16 Pro 防窥.jpg,5 OHARA 16 Pro 防窥.jpg,6 OHARA 16 Pro 防窥.jpg,7 OHARA 16 Pro 防窥.jpg"
"7100189","7","1 OHARA 16 Pro Max 高清.jpg,2 OHARA 16 Pro Max 高清.jpg,3 OHARA 16 Pro Max 高清.jpg,4 OHARA 16 Pro Max 高清.jpg,5 OHARA 16 Pro Max 高清.jpg,6 OHARA 16 Pro Max 高清.jpg,7 OHARA 16 Pro Max 高清.jpg"
"7100190","7","1 OHARA 16 Pro Max 防窥.jpg,2 OHARA 16 Pro Max 防窥.jpg,3 OHARA 16 Pro Max 防窥.jpg,4 OHARA 16 Pro Max 防窥.jpg,5 OHARA 16 Pro Max 防窥.jpg,6 OHARA 16 Pro Max 防窥.jpg,7 OHARA 16 Pro Max 防窥.jpg"
"7100191","6","01.jpg,02.jpg,03.jpg,04.jpg,05.jpg,06.jpg"
"7100192","6","01.jpg,02.jpg,03.jpg,04.jpg,05.jpg,06.jpg"
"7100193","6","01.jpg,02.jpg,03.jpg,04.jpg,05.jpg,06.jpg"
"7100194","8","1 16-HD-非MagSafe.jpg,2 16-HD-非MagSafe.jpg,3 16-HD-非MagSafe.jpg,4 16-HD-非MagSafe.jpg,5 16-HD-非MagSafe.jpg,6 16-HD-非MagSafe.jpg,7 16-HD-非MagSafe.jpg,8 16-HD-非MagSafe.jpg"
"7100195","8","1 16ProHD-非MagSafe.jpg,2 16ProHD-非MagSafe.jpg,3 16ProHD-非MagSafe.jpg,4 16ProHD-非MagSafe.jpg,5 16ProHD-非MagSafe.jpg,6 16ProHD-非MagSafe.jpg,7 16ProHD-非MagSafe.jpg,8 16ProHD-非MagSafe.jpg"
"7100196","8","1 16Pro Max-HD-非MagSafe.jpg,2 16Pro Max-HD-非MagSafe.jpg,3 16Pro Max-HD-非MagSafe.jpg,4 16Pro Max-HD-非MagSafe.jpg,5 16Pro Max-HD-非MagSafe.jpg,6 16Pro Max-HD-非MagSafe.jpg,7 16Pro Max-HD-非MagSafe.jpg,8 16Pro Max-HD-非MagSafe.jpg"
"7100197","8","1 16-HD-MagSafe.jpg,2 16-HD-MagSafe.jpg,3 16-HD-MagSafe.jpg,4 16-HD-MagSafe.jpg,5 16-HD-MagSafe.jpg,6 16-HD-MagSafe.jpg,7 16-HD-MagSafe.jpg,8 16-HD-MagSafe.jpg"
"7100198","8","1 16PRO-HD-MagSafe.jpg,2 16PRO-HD-MagSafe.jpg,3 16PRO-HD-MagSafe.jpg,4 16PRO-HD-MagSafe.jpg,5 16PRO-HD-MagSafe.jpg,6 16PRO-HD-MagSafe_.jpg,7 16PRO-HD-MagSafe.jpg,8 16PRO-HD-MagSafe.jpg"
"7100199","8","1 16Pro Max-HD-MagSafe.jpg,2 16Pro Max-HD-MagSafe.jpg,3 16Pro Max-HD-MagSafe.jpg,4 16Pro Max-HD-MagSafe.jpg,5 16Pro Max-HD-MagSafe.jpg,6 16Pro Max-HD-MagSafe.jpg,7 16Pro Max-HD-MagSafe.jpg,8 16Pro Max-HD-MagSafe.jpg"
"7100200","8","1 16-PV-非MagSafe.jpg,2 16-PV-非MagSafe.jpg,3 16-PV-非MagSafe.jpg,4 16-PV-非MagSafe.jpg,5 16-PV-非MagSafe.jpg,6 16-PV-非MagSafe.jpg,7 16-PV-非MagSafe.jpg,8 16-PV-非MagSafe.jpg"
"7100201","8","1 16Pro-PV-非MagSafe.jpg,2 16Pro-PV-非MagSafe.jpg,3 16Pro-PV-非MagSafe.jpg,4 16Pro-PV-非MagSafe.jpg,5 16Pro-PV-非MagSafe.jpg,6 16Pro-PV-非MagSafe_.jpg,7 16Pro-PV-非MagSafe.jpg,8 16Pro-PV-非MagSafe.jpg"
"7100202","8","1 16Pro Max-PV-非MagSafe.jpg,2 16Pro Max-PV-非MagSafe.jpg,3 16Pro Max-PV-非MagSafe.jpg,4 16Pro Max-PV-非MagSafe.jpg,5 16Pro Max-PV-非MagSafe.jpg,6 16Pro Max-PV-非MagSafe.jpg,7 16Pro Max-PV-非MagSafe.jpg,8 16Pro Max-PV-非MagSafe.jpg"
"7100203","8","1 16-PV-MagSafe.jpg,2 16-PV-MagSafe.jpg,3 16-PV-MagSafe.jpg,4 16-PV-MagSafe.jpg,5 16-PV-MagSafe.jpg,6 16-PV-MagSafe.jpg,7 16-PV-MagSafe.jpg,8 16-PV-MagSafe.jpg"
"7100204","8","1 16PRO-HD-MagSafe.jpg,2 16PRO-HD-MagSafe.jpg,3 16PRO-HD-MagSafe.jpg,4 16PRO-HD-MagSafe.jpg,5 16PRO-HD-MagSafe.jpg,6 16PRO-HD-MagSafe_.jpg,7 16PRO-HD-MagSafe.jpg,8 16PRO-HD-MagSafe.jpg"
"7100205","8","1 16Pro Max-PV-MagSafe.jpg,2 16Pro Max-PV-MagSafe.jpg,3 16Pro Max-PV-MagSafe.jpg,4 16Pro Max-PV-MagSafe.jpg,5 16Pro Max-PV-MagSafe.jpg,6 16Pro Max-PV-MagSafe.jpg,7 16Pro Max-PV-MagSafe.jpg,8 16Pro Max-PV-MagSafe.jpg"
"7100206","8","1 D3O 单壳-16 Pro.jpg,2 D3O 单壳-16 Pro.jpg,3 D3O 单壳-16 Pro.jpg,4 D3O 单壳-16 Pro.jpg,5 D3O 单壳-16 Pro.jpg,6 D3O 单壳-16 Pro.jpg,7 D3O 单壳-16 Pro.jpg,8 D3O 单壳-16 Pro.jpg"
"7100207","8","1 D3O 单壳-16.jpg,2 D3O 单壳-16.jpg,3 D3O 单壳-16.jpg,4 D3O 单壳-16.jpg,5 D3O 单壳-16.jpg,6 D3O 单壳-16.jpg,7 D3O 单壳-16.jpg,8 D3O 单壳-16.jpg"
"7100208","8","1 D3O 单壳-16 Pro Max.jpg,2 D3O 单壳-16 Pro Max.jpg,3 D3O 单壳-16 Pro Max.jpg,4 D3O 单壳-16 Pro Max.jpg,5 D3O 单壳-16 Pro Max.jpg,6 D3O 单壳-16 Pro Max.jpg,7 D3O 单壳-16 Pro Max.jpg,8 D3O 单壳-16 Pro Max.jpg"
"7100209","8","01.jpg,02.jpg,03.jpg,04.jpg,05.jpg,06.jpg,07.jpg,08.jpg"
"7100210","8","1 D3O 白色磁吸单壳-16 Pro.jpg,2 D3O 白色磁吸单壳-16 Pro.jpg,3 D3O 白色磁吸单壳-16 Pro.jpg,4 D3O 白色磁吸单壳-16 Pro.jpg,5 D3O 白色磁吸单壳-16 Pro.jpg,6 D3O 白色磁吸单壳-16 Pro.jpg,7 D3O 白色磁吸单壳-16 Pro.jpg,8 D3O 白色磁吸单壳-16 Pro.jpg"
"7100211","8","1 D3O 白色磁吸单壳-16 Pro Max.jpg,2 D3O 白色磁吸单壳-16 Pro Max.jpg,3 D3O 白色磁吸单壳-16 Pro Max.jpg,4 D3O 白色磁吸单壳-16 Pro Max.jpg,5 D3O 白色磁吸单壳-16 Pro Max.jpg,6 D3O  白色磁吸单壳-16 Pro Max.jpg,7 D3O  白色磁吸单壳-16 Pro Max.jpg,8 D3O  白色磁吸单壳-16 Pro Max.jpg"
"7100212","8","1 D3O 黑色磁吸单壳-16 Pro.jpg,2 D3O 黑色磁吸单壳-16 Pro.jpg,3 D3O 黑色磁吸单壳-16 Pro.jpg,4 D3O 黑色磁吸单壳-16 Pro.jpg,5 D3O 黑色磁吸单壳-16 Pro.jpg,6 D3O 黑色磁吸单壳-16 Pro.jpg,7 D3O 黑色磁吸单壳-16 Pro.jpg,8 D3O 黑色磁吸单壳-16 Pro.jpg"
"7100213","8","1 D3O 黑色磁吸单壳-16 Pro Max.jpg,2 D3O 黑色磁吸单壳-16 Pro Max.jpg,3 D3O 黑色磁吸单壳-16 Pro Max.jpg,4 D3O 黑色磁吸单壳-16 Pro Max.jpg,5 D3O 黑色磁吸单壳-16 Pro Max.jpg,6 D3O  黑色磁吸单壳-16 Pro Max.jpg,7 D3O  黑色磁吸单壳-16 Pro Max.jpg,8 D3O  黑色磁吸单壳-16 Pro Max.jpg"
"7100214","8","1 D3O 灰色磁吸单壳-16 Pro.jpg,2 D3O 灰色磁吸单壳-16 Pro.jpg,3 D3O 灰色磁吸单壳-16 Pro.jpg,4 D3O 灰色磁吸单壳-16 Pro.jpg,5 D3O 灰色磁吸单壳-16 Pro.jpg,6 D3O 灰色磁吸单壳-16 Pro.jpg,7 D3O 灰色磁吸单壳-16 Pro.jpg,8 D3O 灰色磁吸单壳-16 Pro.jpg"
"7100215","8","1 D3O 灰色磁吸单壳-16 Pro Max.jpg,2 D3O 灰色磁吸单壳-16 Pro Max.jpg,3 D3O 灰色磁吸单壳-16 Pro Max.jpg,4 D3O 灰色磁吸单壳-16 Pro Max.jpg,5 D3O 灰色磁吸单壳-16 Pro Max.jpg,6 D3O  灰色磁吸单壳-16 Pro Max.jpg,7 D3O  灰色磁吸单壳-16 Pro Max.jpg,8 D3O  灰色磁吸单壳-16 Pro Max.jpg"
"7100216","8","1 D3O 沙漠金磁吸单壳-16 Pro.jpg,2 D3O 沙漠金磁吸单壳-16 Pro.jpg,3 D3O 沙漠金磁吸单壳-16 Pro.jpg,4 D3O 沙漠金磁吸单壳-16 Pro.jpg,5 D3O 沙漠金磁吸单壳-16 Pro.jpg,6 D3O 沙漠金磁吸单壳-16 Pro.jpg,7 D3O 沙漠金磁吸单壳-16 Pro.jpg,8 D3O 沙漠金磁吸单壳-16 Pro.jpg"
"7100217","8","1 D3O 沙漠金磁吸单壳-16 Pro Max.jpg,2 D3O 沙漠金磁吸单壳-16 Pro Max.jpg,3 D3O 沙漠金磁吸单壳-16 Pro Max.jpg,4 D3O 沙漠金磁吸单壳-16 Pro Max.jpg,5 D3O 沙漠金磁吸单壳-16 Pro Max.jpg,6 D3O  沙漠金磁吸单壳-16 Pro Max.jpg,7 D3O  沙漠金磁吸单壳-16 Pro Max.jpg,8 D3O  沙漠金磁吸单壳-16 Pro Max.jpg"
"7100218","6","01.jpg,02.jpg,03.jpg,04.jpg,05.jpg,06.jpg"
"7100219","6","01.jpg,02.jpg,03.jpg,04.jpg,05.jpg,06.jpg"
"7100220","6","01.jpg,02.jpg,03.jpg,04.jpg,05.jpg,06.jpg"
"7100221","6","01.jpg,02.jpg,03.jpg,04.jpg,05.jpg,06.jpg"
"7100222","6","1-iPad 二合一.jpg,2-iPad 二合一.jpg,3-iPad 二合一.jpg,4-iPad 二合一.jpg,5-iPad 二合一.jpg,6 -iPad 二合一.jpg"
"7100223","6","1-iPad 二合一.jpg,2-iPad 二合一.jpg,3-iPad 二合一.jpg,4-iPad 二合一.jpg,5-iPad 二合一.jpg,6 -iPad 二合一.jpg"
"7100224","6","1-iPad 二合一.jpg,2-iPad 二合一.jpg,3-iPad 二合一.jpg,4-iPad 二合一.jpg,5-iPad 二合一.jpg,6 -iPad 二合一.jpg"
"7100225","6","1-iPad 二合一.jpg,2-iPad 二合一.jpg,3-iPad 二合一.jpg,4-iPad 二合一.jpg,5-iPad 二合一.jpg,6 -iPad 二合一.jpg"
"7100226","6","01.jpg,02.jpg,03.jpg,04.jpg,05.jpg,06.jpg"
"7100227","6","01.jpg,02.jpg,03.jpg,04.jpg,05.jpg,06.jpg"
"7100228","6","01.jpg,02.jpg,03.jpg,04.jpg,05.jpg,06.jpg"
"7100229","6","01.jpg,02.jpg,03.jpg,04.jpg,05.jpg,06.jpg"
"7100230","6","01.jpg,02.jpg,03.jpg,04.jpg,05.jpg,06.jpg"
"7100232","8","01.jpg,02.jpg,03.jpg,04.jpg,05.jpg,06.jpg,07.jpg,08.jpg"
"7100233","8","01.jpg,02.jpg,03.jpg,04.jpg,05.jpg,06.jpg,07.jpg,08.jpg"
"7100234","8","01.jpg,02.jpg,03.jpg,04.jpg,05.jpg,06.jpg,07.jpg,08.jpg"
"7100235","8","01.jpg,02.jpg,03.jpg,04.jpg,05.jpg,06.jpg,07.jpg,08.jpg"
"7100236","8","01.jpg,02.jpg,03.jpg,04.jpg,05.jpg,06.jpg,07.jpg,08.jpg"
"7100237","8","01.jpg,02.jpg,03.jpg,04.jpg,05.jpg,06.jpg,07.jpg,08.jpg"
"7100238","8","01.jpg,02.jpg,03.jpg,04.jpg,05.jpg,06.jpg,07.jpg,08.jpg"
"7100239","8","01.jpg,02.jpg,03.jpg,04.jpg,05.jpg,06.jpg,07.jpg,08.jpg"
"7100240","8","1 三合一套装.jpg,2 三合一套装.jpg,3 三合一套装.jpg,4 三合一套装.jpg,5 三合一套装.jpg,6 三合一套装.jpg,7 三合一套装.jpg,8 三合一套装.jpg"
"7100241","8","1 三合一黑金套装.jpg,2 三合一黑金套装.jpg,3 三合一黑金套装.jpg,4 三合一黑金套装.jpg,5 三合一黑金套装.jpg,6 三合一黑金套装.jpg,7 三合一黑金套装.jpg,8 三合一黑金套装.jpg"
"7100242","8","1 三合一套装.jpg,2 三合一套装.jpg,3 三合一套装.jpg,4 三合一套装.jpg,5 三合一套装.jpg,6 三合一套装.jpg,7 三合一套装.jpg,8 三合一套装.jpg"
"7100243","8","1 三合一黑金套装.jpg,2 三合一黑金套装.jpg,3 三合一黑金套装.jpg,4 三合一黑金套装.jpg,5 三合一黑金套装.jpg,6 三合一黑金套装.jpg,7 三合一黑金套装.jpg,8 三合一黑金套装.jpg"
"7100244","6","01.jpg,02.jpg,03.jpg,04.jpg,05.jpg,06.jpg"
"7100245","6","01.jpg,02.jpg,03.jpg,04.jpg,05.jpg,06.jpg"
"7100246","4","01.jpg,02.jpg,03.jpg,04.jpg"
"7100247","7","1-金属古铜.jpg,2-金属古铜.jpg,3-金属古铜.jpg,4-金属古铜.jpg,5-金属古铜.jpg,6-金属古铜.jpg,7-金属古铜.jpg"
"7100248","7","1-金属钛色.jpg,2-金属钛色.jpg,3-金属钛色.jpg,4-金属钛色.jpg,5-金属钛色.jpg,6-金属钛色.jpg,7-金属钛色.jpg"
"7100249","7","1-金属黑色.jpg,2-金属黑色.jpg,3-金属黑色.jpg,4-金属黑色.jpg,5-金属黑色.jpg,6-金属黑色.jpg,7-金属黑色.jpg"
"7100250","7","1-金属银色.jpg,2-金属银色.jpg,3-金属银色.jpg,4-金属银色.jpg,5-金属银色.jpg,6-金属银色.jpg,7-金属银色.jpg"
"7100252","6","01.jpg,02.jpg,03.jpg,04.jpg,05.jpg,06.jpg"
"7100253","6","01.jpg,02.jpg,03.jpg,04.jpg,05.jpg,06.jpg"
"7100254","0",""
"7100255","1","1.jpg"
"7100256","1","1.jpg"
"7100257","1","1.jpg"
"7100258","1","1.jpg"
"7100261","1","画板 1.jpg"
"7100262","0",""
"7100263","1","画板 1.jpg"
"7100264","6","1 AR-HD-S25.jpg,2 AR-HD-S25.jpg,3 AR-HD-S25.jpg,4 AR-HD-S25.jpg,5 AR-HD-S25.jpg,6 AR-HD-S25.jpg"
"7100265","6","1 AR-HD-S25+.jpg,2 AR-HD-S25+.jpg,3 AR-HD-S25+.jpg,4 AR-HD-S25+.jpg,5 AR-HD-S25+.jpg,6 AR-HD-S25+.jpg"
"7100266","6","1 AR-HD-S25U.jpg,2 AR-HD-S25U.jpg,3 AR-HD-S25U.jpg,4 AR-HD-S25U.jpg,5 AR-HD-S25U.jpg,6 AR-HD-S25U.jpg"
"7100267","6","1 AR-PV-S25.jpg,2 AR-PV-S25.jpg,3 AR-PV-S25.jpg,4 AR-PV-S25.jpg,5 AR-PV-S25.jpg,6 AR-PV-S25.jpg"
"7100268","6","1 AR-PV-S25+.jpg,2 AR-PV-S25+.jpg,3 AR-PV-S25+.jpg,4 AR-PV-S25+.jpg,5 AR-PV-S25+.jpg,6 AR-PV-S25+.jpg"
"7100269","6","1 AR-PV-S25U.jpg,2 AR-PV-S25U.jpg,3 AR-PV-S25U.jpg,4 AR-PV-S25U.jpg,5 AR-PV-S25U.jpg,6 AR-PV-S25U.jpg"
"7100270","8","1 D3O单壳-S25.jpg,2 D3O单壳-S25.jpg,3 D3O单壳-S25.jpg,4 D3O单壳-S25.jpg,5 D3O单壳-S25.jpg,6 D3O单壳-S25.jpg,7 D3O单壳-S25.jpg,8 D3O单壳-S25.jpg"
"7100271","8","1 D3O单壳-S25+.jpg,2 D3O单壳-S25+.jpg,3 D3O单壳-S25+.jpg,4 D3O单壳-S25+.jpg,5 D3O单壳-S25+.jpg,6 D3O单壳-S25+.jpg,7 D3O单壳-S25+.jpg,8 D3O单壳-S25+.jpg"
"7100272","8","1 D3O 单壳-S25U.jpg,2 D3O 单壳-S25U.jpg,3 D3O 单壳-S25U.jpg,4 D3O 单壳-S25U.jpg,5 D3O 单壳-S25U.jpg,6 D3O 单壳-S25U.jpg,7 D3O 单壳-S25U.jpg,8 D3O 单壳-S25U.jpg"
"7100273","8","1 D3O 白色磁吸单壳-S25.jpg,2 D3O 白色磁吸单壳-S25.jpg,3 D3O 白色磁吸单壳-S25.jpg,4 D3O 白色磁吸单壳-S25.jpg,5 D3O 白色磁吸单壳-S25.jpg,6 D3O 白色磁吸单壳-S25.jpg,7 D3O 白色磁吸单壳-S25.jpg,8 D3O 白色磁吸单壳-S25.jpg"
"7100274","8","1 D3O 白色磁吸单壳-S25+.jpg,2 D3O 白色磁吸单壳-S25+.jpg,3 D3O 白色磁吸单壳-S25+.jpg,4 D3O 白色磁吸单壳-S25+.jpg,5 D3O 白色磁吸单壳-S25+.jpg,6 D3O 白色磁吸单壳-S25+.jpg,7 D3O 白色磁吸单壳-S25+.jpg,8 D3O 白色磁吸单壳-S25+.jpg"
"7100275","8","1 D3O 白色磁吸单壳-S25U.jpg,2 D3O 白色磁吸单壳-S25U.jpg,3 D3O 白色磁吸单壳-S25U.jpg,4 D3O 白色磁吸单壳-S25U.jpg,5 D3O 白色磁吸单壳-S25U.jpg,6 D3O 白色磁吸单壳-S25U.jpg,7 D3O 白色磁吸单壳-S25U.jpg,8 D3O 白色磁吸单壳-S25U.jpg"
"7100276","8","1 D3O 单壳-16.jpg,2 D3O 单壳-16.jpg,3 D3O 单壳-16.jpg,4 D3O 单壳-16.jpg,5 D3O 单壳-16.jpg,6 D3O 单壳-16.jpg,7 D3O 单壳-16.jpg,8 D3O 单壳-16.jpg"
"7100277","8","01.jpg,02.jpg,03.jpg,04.jpg,05.jpg,06.jpg,07.jpg,08.jpg"
"7100278","8","1 D3O 粉色磁吸壳-16.jpg,2 D3O 粉色磁吸壳-16.jpg,3 D3O 粉色磁吸壳-16.jpg,4 D3O 粉色磁吸壳-16.jpg,5 D3O 粉色磁吸壳-16.jpg,6 D3O 粉色磁吸壳-16.jpg,7 D3O 粉色磁吸壳-16.jpg,8 D3O 粉色磁吸壳-16.jpg"
"7100279","8","1 D3O 黑色磁吸壳-16.jpg,2 D3O 黑色磁吸壳-16.jpg,3 D3O 黑色磁吸壳-16.jpg,4 D3O 黑色磁吸壳-16.jpg,5 D3O 黑色磁吸壳-16.jpg,6 D3O 黑色磁吸壳-16.jpg,7 D3O 黑色磁吸壳-16.jpg,8 D3O 黑色磁吸壳-16.jpg"
"7100280","8","1 D3O 蓝色磁吸壳-16.jpg,2 D3O 蓝色磁吸壳-16.jpg,3 D3O 蓝色磁吸壳-16.jpg,4 D3O 蓝色磁吸壳-16.jpg,5 D3O 蓝色磁吸壳-16.jpg,6 D3O 蓝色磁吸壳-16.jpg,7 D3O 蓝色磁吸壳-16.jpg,8 D3O 蓝色磁吸壳-16.jpg"
"7100281","8","1 D3O 绿色磁吸壳-16.jpg,2 D3O 绿色磁吸壳-16.jpg,3 D3O 绿色磁吸壳-16.jpg,4 D3O 绿色磁吸壳-16.jpg,5 D3O 绿色磁吸壳-16.jpg,6 D3O 绿色磁吸壳-16.jpg,7 D3O 绿色磁吸壳-16.jpg,8 D3O 绿色磁吸壳-16.jpg"
"7100282","6","01.jpg,02.jpg,03.jpg,04.jpg,05.jpg,06.jpg"
"7100283","6","01.jpg,02.jpg,03.jpg,04.jpg,05.jpg,06.jpg"
"7100284","8","1-金属古铜.jpg,2-金属古铜.jpg,3-金属古铜.jpg,4-金属古铜.jpg,5-金属古铜.jpg,6-金属古铜.jpg,7-金属古铜.jpg,8-金属古铜.jpg"
"7100285","8","1-金属黑色.jpg,2-金属黑色.jpg,3-金属黑色.jpg,4-金属黑色.jpg,5-金属黑色.jpg,6-金属黑色.jpg,7-金属黑色.jpg,8-金属黑色.jpg"
"7100286","8","1-金属钛灰.jpg,2-金属钛灰.jpg,3-金属钛灰.jpg,4-金属钛灰.jpg,5-金属钛灰.jpg,6-金属钛灰.jpg,7-金属钛灰.jpg,8-金属钛灰.jpg"
"7100287","8","1 三合一套装.jpg,2 三合一套装.jpg,3 三合一套装.jpg,4 三合一套装.jpg,5 三合一套装.jpg,6 三合一套装.jpg,7 三合一套装.jpg,8 三合一套装.jpg"
"7100288","8","1 三合一套装.jpg,2 三合一套装.jpg,3 三合一套装.jpg,4 三合一套装.jpg,5 三合一套装.jpg,6 三合一套装.jpg,7 三合一套装.jpg,8 三合一套装.jpg"
"7100289","8","1 三合一套装.jpg,2 三合一套装.jpg,3 三合一套装.jpg,4 三合一套装.jpg,5 三合一套装.jpg,6 三合一套装.jpg,7 三合一套装.jpg,8 三合一套装.jpg"
"7100290","8","1 三合一套装.jpg,2 三合一套装.jpg,3 三合一套装.jpg,4 三合一套装.jpg,5 三合一套装.jpg,6 三合一套装.jpg,7 三合一套装.jpg,8 三合一套装.jpg"
"7100291","8","1 三合一套装.jpg,2 三合一套装.jpg,3 三合一套装.jpg,4 三合一套装.jpg,5 三合一套装.jpg,6 三合一套装.jpg,7 三合一套装.jpg,8 三合一套装.jpg"
"7100292","8","1 三合一套装.jpg,2 三合一套装.jpg,3 三合一套装.jpg,4 三合一套装.jpg,5 三合一套装.jpg,6 三合一套装.jpg,7 三合一套装.jpg,8 三合一套装.jpg"
"7100293","8","1 三合一套装.jpg,2 三合一套装.jpg,3 三合一套装.jpg,4 三合一套装.jpg,5 三合一套装.jpg,6 三合一套装.jpg,7 三合一套装.jpg,8 三合一套装.jpg"
"7100294","8","1 三合一套装.jpg,2 三合一套装.jpg,3 三合一套装.jpg,4 三合一套装.jpg,5 三合一套装.jpg,6 三合一套装.jpg,7 三合一套装.jpg,8 三合一套装.jpg"
"7100295","6","1-iPad 二合一.jpg,2-iPad 二合一.jpg,3-iPad 二合一.jpg,4-iPad 二合一.jpg,5-iPad 二合一.jpg,6 -iPad 二合一.jpg"
"7100296","6","1-iPad 二合一.jpg,2-iPad 二合一.jpg,3-iPad 二合一.jpg,4-iPad 二合一.jpg,5-iPad 二合一.jpg,6 -iPad 二合一.jpg"
"7100297","6","1-iPad 二合一.jpg,2-iPad 二合一.jpg,3-iPad 二合一.jpg,4-iPad 二合一.jpg,5-iPad 二合一.jpg,6 -iPad 二合一.jpg"
"7100298","6","1-iPad 二合一.jpg,2-iPad 二合一.jpg,3-iPad 二合一.jpg,4-iPad 二合一.jpg,5-iPad 二合一.jpg,6 -iPad 二合一.jpg"
"7100299","1","1.jpg"
"7100300","1","1.jpg"
"7100301","5","01.jpg,02.jpg,03.jpg,04.jpg,05.jpg"
"7100302","5","01.jpg,02.jpg,03.jpg,04.jpg,05.jpg"
"7100303","5","01.jpg,02.jpg,03.jpg,04.jpg,05.jpg"
"7100304","5","01.jpg,02.jpg,03.jpg,04.jpg,05.jpg"
"7100309","5","01.jpg,02.jpg,03.jpg,04.jpg,05.jpg"
"7100310","5","01.jpg,02.jpg,03.jpg,04.jpg,05.jpg"
"7100311","5","1.jpg,2.jpg,3.jpg,4.jpg,5.jpg"
"7100312","5","1.jpg,2.jpg,3.jpg,4.jpg,5.jpg"
"7100313","5","1.jpg,2.jpg,3.jpg,4.jpg,5.jpg"
"7100314","5","1.jpg,2.jpg,3.jpg,4.jpg,5.jpg"
"7100315","1","SF005HDUN1 for SM001AWH1 UV Glass-Like Soft Film HD Clear for Mobiles.jpg"
"7100316","5","01.jpg,02.jpg,03.jpg,04.jpg,05.jpg"
"7100317","5","01.jpg,02.jpg,03.jpg,04.jpg,05.jpg"
"7100318","5","01.jpg,02.jpg,03.jpg,04.jpg,05.jpg"
"7100319","5","01.jpg,02.jpg,03.jpg,04.jpg,05.jpg"
"7100320","7","1-金色.jpg,2-金色.jpg,3-金色.jpg,4-金色.jpg,5-金色.jpg,6-金色.jpg,通用场景.jpg"
"7100321","6","1-钛色.jpg,2-钛色.jpg,3-钛色.jpg,4-钛色.jpg,5-钛色.jpg,6-钛色.jpg"
"7100322","6","1-黑色.jpg,2-黑色.jpg,3-黑色.jpg,4-黑色.jpg,5-黑色.jpg,6-黑色.jpg"
"7100325","5","1-基础款手机壳 17 Pro.jpg,2-基础款手机壳 17 Pro.jpg,3-基础款手机壳 17 Pro.jpg,4-基础款手机壳 17 Pro.jpg,5-基础款手机壳 17 Pro.jpg"
"7100326","5","1-基础款手机壳 17 Pro Max.jpg,2-基础款手机壳 17 Pro Max.jpg,3-基础款手机壳 17 Pro Max.jpg,4-基础款手机壳 17 Pro Max.jpg,5-基础款手机壳 17 Pro Max.jpg"
"7100327","5","1-基础款手机壳 17-磁吸.jpg,2-基础款手机壳 17-磁吸.jpg,3-基础款手机壳 17-磁吸.jpg,4-基础款手机壳 17-磁吸.jpg,5-基础款手机壳 17-磁吸.jpg"
"7100328","5","1-基础款手机壳 17 Air-磁吸.jpg,2-基础款手机壳 17 Air-磁吸.jpg,3-基础款手机壳 17 Air-磁吸.jpg,4-基础款手机壳 17 Air-磁吸.jpg,5-基础款手机壳 17 Air-磁吸.jpg"
"7100329","6","17 基础款手机膜HD 1.jpg,17 基础款手机膜HD 2.jpg,17 基础款手机膜HD 3.jpg,17 基础款手机膜HD 4.jpg,17 基础款手机膜HD 5.jpg,17 基础款手机膜HD 6.jpg"
"7100330","6","17 air 基础款手机膜HD 1.jpg,17 air 基础款手机膜HD 2.jpg,17 air 基础款手机膜HD 3.jpg,17 air 基础款手机膜HD 4.jpg,17 air 基础款手机膜HD 5.jpg,17 air 基础款手机膜HD 6.jpg"
"7100331","6","17 pro 基础款手机膜HD 1.jpg,17 pro 基础款手机膜HD 2.jpg,17 pro 基础款手机膜HD 3.jpg,17 pro 基础款手机膜HD 4.jpg,17 pro 基础款手机膜HD 5.jpg,17 pro 基础款手机膜HD 6.jpg"
"7100332","6","17 pro max 基础款手机膜HD 1.jpg,17 pro max 基础款手机膜HD 2.jpg,17 pro max 基础款手机膜HD 3.jpg,17 pro max 基础款手机膜HD 4.jpg,17 pro max 基础款手机膜HD 5.jpg,17 pro max 基础款手机膜HD 6.jpg"
"7100333","6","17 基础款手机膜PV 1.jpg,17 基础款手机膜PV 2.jpg,17 基础款手机膜PV 3.jpg,17 基础款手机膜PV 4.jpg,17 基础款手机膜PV 5.jpg,17 基础款手机膜PV 6.jpg"
"7100334","6","17 air 基础款手机膜PV 1.jpg,17 air 基础款手机膜PV 2.jpg,17 air 基础款手机膜PV 3.jpg,17 air 基础款手机膜PV 4.jpg,17 air 基础款手机膜PV 5.jpg,17 air 基础款手机膜PV 6.jpg"
"7100335","6","17 pro 基础款手机膜PV 1.jpg,17 pro 基础款手机膜PV 2.jpg,17 pro 基础款手机膜PV 3.jpg,17 pro 基础款手机膜PV 4.jpg,17 pro 基础款手机膜PV 5.jpg,17 pro 基础款手机膜PV 6.jpg"
"7100336","6","17 pro max 基础款手机膜PV 1.jpg,17 pro max 基础款手机膜PV 2.jpg,17 pro max 基础款手机膜PV 3.jpg,17 pro max 基础款手机膜PV 4.jpg,17 pro max 基础款手机膜PV 5.jpg,17 pro max 基础款手机膜PV 6.jpg"
"7100337","6","1-透明17.jpg,2-透明17.jpg,3-透明17.jpg,4-透明17.jpg,5-透明17.jpg,6-透明17.jpg"
"7100338","6","1-透明17 Air.jpg,2-透明17 Air.jpg,3-透明17 Air.jpg,4-透明17 Air.jpg,5-透明17 Air.jpg,6-透明17 Air.jpg"
"7100339","6","1-透明17 Pro & Pro max.jpg,2-透明17 Pro & Pro max.jpg,3-透明17 Pro & Pro max.jpg,4-透明17 Pro & Pro max.jpg,5-透明17 Pro & Pro max.jpg,6-透明17 Pro & Pro max.jpg"
"7100340","6","17 基础款3合1手机壳 HD 1.jpg,17 基础款3合1手机壳 HD 2.jpg,17 基础款3合1手机壳 HD 3.jpg,17 基础款3合1手机壳 HD 4.jpg,17 基础款3合1手机壳 HD 5.jpg,17 基础款3合1手机壳 HD 6.jpg"
"7100341","6","17 基础款3合1手机壳 HD 1.jpg,17 基础款3合1手机壳 HD 2.jpg,17 基础款3合1手机壳 HD 3.jpg,17 基础款3合1手机壳 HD 4.jpg,17 基础款3合1手机壳 HD 5.jpg,17 基础款3合1手机壳 HD 6.jpg"
"7100342","6","17 pro 基础款4合1手机壳 HD 1.jpg,17 pro 基础款4合1手机壳 HD 2.jpg,17 pro 基础款4合1手机壳 HD 3.jpg,17 pro 基础款4合1手机壳 HD 4.jpg,17 pro 基础款4合1手机壳 HD 5.jpg,17 pro 基础款4合1手机壳 HD 6.jpg"
"7100343","6","17 pro max 基础款4合1手机壳 HD 1.jpg,17 pro max 基础款4合1手机壳 HD 2.jpg,17 pro max 基础款4合1手机壳 HD 3.jpg,17 pro max 基础款4合1手机壳 HD 4.jpg,17 pro max 基础款4合1手机壳 HD 5.jpg,17 pro max 基础款4合1手机壳 HD 6.jpg"
"7100344","6","17 磁吸款3合1手机壳 HD 1.jpg,17 磁吸款3合1手机壳 HD 2.jpg,17 磁吸款3合1手机壳 HD 3.jpg,17 磁吸款3合1手机壳 HD 4.jpg,17 磁吸款3合1手机壳 HD 5.jpg,17 磁吸款3合1手机壳 HD 6.jpg"
"7100345","6","17 air 磁吸款4合1手机壳 HD 1.jpg,17 air 磁吸款4合1手机壳 HD 2.jpg,17 air 磁吸款4合1手机壳 HD 3.jpg,17 air 磁吸款4合1手机壳 HD 4.jpg,17 air 磁吸款4合1手机壳 HD 5.jpg,17 air 磁吸款4合1手机壳 HD 6.jpg"
"7100346","6","17 基础款3合1手机壳 PV 1.jpg,17 基础款3合1手机壳 PV 2.jpg,17 基础款3合1手机壳 PV 3.jpg,17 基础款3合1手机壳 PV 4.jpg,17 基础款3合1手机壳 PV 5.jpg,17 基础款3合1手机壳PV 6.jpg"
"7100347","6","17 air 基础款4合1手机壳 PV 1.jpg,17 air 基础款4合1手机壳 PV 2.jpg,17 air 基础款4合1手机壳 PV 3.jpg,17 air 基础款4合1手机壳 PV 4.jpg,17 air 基础款4合1手机壳 PV 5.jpg,17 air 基础款4合1手机壳 PV 6.jpg"
"7100348","6","17 pro 基础款 4合1手机壳 PV 1.jpg,17 pro 基础款 4合1手机壳 PV 2.jpg,17 pro 基础款 4合1手机壳 PV 3.jpg,17 pro 基础款4合1手机壳 PV 4.jpg,17 pro 基础款4合1手机壳 PV 6.jpg,17 pro 基础款4合1手机壳PV 5.jpg"
"7100349","6","17 pro max 基础款4合1手机壳 PV 1.jpg,17 pro max 基础款4合1手机壳 PV 2.jpg,17 pro max 基础款4合1手机壳 PV 3.jpg,17 pro max 基础款4合1手机壳 PV 4.jpg,17 pro max 基础款4合1手机壳 PV 5.jpg,17 pro max 基础款4合1手机壳 PV 6.jpg"
"7100350","6","17 磁吸款3合1手机壳 PV 1.jpg,17 磁吸款3合1手机壳 PV 2.jpg,17 磁吸款3合1手机壳 PV 3.jpg,17 磁吸款3合1手机壳 PV 4.jpg,17 磁吸款3合1手机壳 PV 5.jpg,17 磁吸款3合1手机壳PV 6.jpg"
"7100351","6","17 air 磁吸款4合1手机壳 PV 1.jpg,17 air 磁吸款4合1手机壳 PV 2.jpg,17 air 磁吸款4合1手机壳 PV 3.jpg,17 air 磁吸款4合1手机壳 PV 4.jpg,17 air 磁吸款4合1手机壳 PV 5.jpg,17 air 磁吸款4合1手机壳 PV 6.jpg"
"7100352","5","17 AR手机膜HD 1.jpg,17 AR手机膜HD 3.jpg,17 AR手机膜HD 4.jpg,17 AR手机膜HD 5.jpg,17 AR手机膜HD 6.jpg"
"7100353","5","17 air AR手机膜HD 1.jpg,17 air AR手机膜HD 3.jpg,17 air AR手机膜HD 4.jpg,17 air AR手机膜HD 5.jpg,17 air AR手机膜HD 6.jpg"
"7100354","5","17 pro AR手机膜HD 1.jpg,17 pro AR手机膜HD 3.jpg,17 pro AR手机膜HD 4.jpg,17 pro AR手机膜HD 5.jpg,17 pro AR手机膜HD 6.jpg"
"7100355","5","17 pro max AR手机膜HD 1.jpg,17 pro max AR手机膜HD 3.jpg,17 pro max AR手机膜HD 4.jpg,17 pro max AR手机膜HD 5.jpg,17 pro max AR手机膜HD 6.jpg"
"7100356","5","17 AR手机膜PV 1.jpg,17 AR手机膜PV 3.jpg,17 AR手机膜PV 4.jpg,17 AR手机膜PV 5.jpg,17 AR手机膜PV 6.jpg"
"7100357","5","17 air AR手机膜PV 1.jpg,17 air AR手机膜PV 3.jpg,17 air AR手机膜PV 4.jpg,17 air AR手机膜PV 5.jpg,17 air AR手机膜PV 6.jpg"
"7100358","5","17 pro AR手机膜PV 1.jpg,17 pro AR手机膜PV 3.jpg,17 pro AR手机膜PV 4.jpg,17 pro AR手机膜PV 5.jpg,17 pro AR手机膜PV 6.jpg"
"7100359","5","17 pro max AR手机膜PV 1.jpg,17 pro max AR手机膜PV 3.jpg,17 pro max AR手机膜PV 4.jpg,17 pro max AR手机膜PV 5.jpg,17 pro max AR手机膜PV 6.jpg"
"7100373","5","1-基础款手机壳 17.jpg,2-基础款手机壳 17.jpg,3-基础款手机壳 17.jpg,4-基础款手机壳 17.jpg,5-基础款手机壳 17.jpg"
"7100374","4","2-基础款手机壳 17 Air.jpg,3-基础款手机壳 17 Air.jpg,4-基础款手机壳 17 Air.jpg,5-基础款手机壳 17 Air.jpg"
"7100375","5","1-基础款手机壳 17 Pro.jpg,2-基础款手机壳 17 Pro.jpg,3-基础款手机壳 17 Pro.jpg,4-基础款手机壳 17 Pro.jpg,5-基础款手机壳 17 Pro.jpg"
"7100376","5","1-基础款手机壳 17 Pro Max-磁吸.jpg,2-基础款手机壳 17 Pro Max-磁吸.jpg,3-基础款手机壳 17 Pro Max-磁吸.jpg,4-基础款手机壳 17 Pro Max-磁吸.jpg,5-基础款手机壳 17 Pro Max-磁吸.jpg"
"7100377","6","17 pro 磁吸款4合1手机壳 HD 1.jpg,17 pro 磁吸款4合1手机壳 HD 2.jpg,17 pro 磁吸款4合1手机壳 HD 3.jpg,17 pro 磁吸款4合1手机壳 HD 4.jpg,17 pro 磁吸款4合1手机壳 HD 5.jpg,17 pro 磁吸款4合1手机壳 HD 6.jpg"
"7100378","6","17 pro 磁吸款4合1手机壳 PV 1.jpg,17 pro 磁吸款4合1手机壳 PV 2.jpg,17 pro 磁吸款4合1手机壳 PV 3.jpg,17 pro 磁吸款4合1手机壳 PV 4.jpg,17 pro 磁吸款4合1手机壳 PV 5.jpg,17 pro 磁吸款4合1手机壳 PV 6.jpg"
"7100379","6","17 pro max 磁吸款4合1手机壳 HD 1.jpg,17 pro max 磁吸款4合1手机壳 HD 2.jpg,17 pro max 磁吸款4合1手机壳 HD 3.jpg,17 pro max 磁吸款4合1手机壳 HD 4.jpg,17 pro max 磁吸款4合1手机壳 HD 5.jpg,17 pro max 磁吸款v4合1手机壳 HD 6.jpg"
"7100380","6","17 pro max 磁吸款4合1手机壳 PV 1.jpg,17 pro max 磁吸款4合1手机壳 PV 2.jpg,17 pro max 磁吸款4合1手机壳 PV 3.jpg,17 pro max 磁吸款4合1手机壳 PV 4.jpg,17 pro max 磁吸款4合1手机壳 PV 5.jpg,17 pro max 磁吸款v4合1手机壳 PV 6.jpg"
"7100381","9","1 D3O 白色磁吸手机壳-17.jpg,2 D3O 白色磁吸手机壳-17.jpg,3 D3O 白色磁吸手机壳-17.jpg,4 D3O 白色磁吸手机壳-17.jpg,5 D3O 白色磁吸手机壳-17.jpg,6 D3O 白色磁吸手机壳-17.jpg,7 D3O 白色磁吸手机壳-17.jpg,场景.jpg,场景-带文字.jpg"
"7100382","9","1 D3O 白色磁吸手机壳-17 Air.jpg,2 D3O 白色磁吸手机壳-17 Air.jpg,3 D3O 白色磁吸手机壳-17 Air.jpg,4 D3O 白色磁吸手机壳-17 Air.jpg,5 D3O 白色磁吸手机壳-17 Air.jpg,6 D3O 白色磁吸手机壳-17 Air.jpg,7 D3O 白色磁吸手机壳-17 Air.jpg,场景.jpg,场景-带文字.jpg"
"7100383","0",""
"7100384","0",""
"7100410","8","1 D3O三合一HD橙色磁吸手机壳-17 Pro.jpg,2 D3O三合一HD橙色磁吸手机壳-17 Pro.jpg,3 D3O三合一HD橙色磁吸手机壳-17 Pro.jpg,4 D3O三合一HD橙色磁吸手机壳-17 Pro.jpg,5 D3O三合一HD橙色磁吸手机壳-17 Pro.jpg,6 D3O三合一HD橙色磁吸手机壳-17 Pro.jpg,7 D3O三合一HD橙色磁吸手机壳-17 Pro.jpg,8 D3O三合一HD橙色磁吸手机壳-17 Pro.jpg"
"7100411","8","1 D3O三合一HD橙色磁吸手机壳-17 ProMax.jpg,2 D3O三合一HD橙色磁吸手机壳-17 ProMax.jpg,3 D3O三合一HD橙色磁吸手机壳-17 ProMax.jpg,4 D3O三合一HD橙色磁吸手机壳-17 ProMax.jpg,5 D3O三合一HD橙色磁吸手机壳-17 ProMax.jpg,6 D3O三合一HD橙色磁吸手机壳-17 ProMax.jpg,7 D3O三合一HD橙色磁吸手机壳-17 ProMax.jpg,8 D3O三合一HD橙色磁吸手机壳-17 ProMax.jpg"
"7100412","8","1 D3O三合一PV橙色磁吸手机壳-17 Pro.jpg,2 D3O三合一PV橙色磁吸手机壳-17 Pro.jpg,3 D3O三合一PV橙色磁吸手机壳-17 Pro.jpg,4 D3O三合一PV橙色磁吸手机壳-17 Pro.jpg,5 D3O三合一PV橙色磁吸手机壳-17 Pro.jpg,6 D3O三合一PV橙色磁吸手机壳-17 Pro.jpg,7 D3O三合一PV橙色磁吸手机壳-17 Pro.jpg,8 D3O三合一PV橙色磁吸手机壳-17 Pro.jpg"
"7100413","8","1 D3O三合一PV橙色磁吸手机壳-17 Pro Max.jpg,2 D3O三合一PV橙色磁吸手机壳-17 Pro Max.jpg,3 D3O三合一PV橙色磁吸手机壳-17 Pro Max.jpg,4 D3O三合一PV橙色磁吸手机壳-17 Pro Max.jpg,5 D3O三合一PV橙色磁吸手机壳-17 ProMax.jpg,6 D3O三合一PV橙色磁吸手机壳-17 ProMax.jpg,7 D3O三合一PV橙色磁吸手机壳-17 ProMax.jpg,8 D3O三合一PV橙色磁吸手机壳-17 ProMax.jpg"
"7100414","8","1 D3O三合一HD深蓝磁吸手机壳-17 Pro.jpg,2 D3O三合一HD深蓝磁吸手机壳-17 Pro.jpg,3 D3O三合一HD深蓝磁吸手机壳-17 Pro.jpg,4 D3O三合一HD深蓝磁吸手机壳-17 Pro.jpg,5 D3O三合一HD深蓝磁吸手机壳-17 Pro.jpg,6 D3O三合一HD深蓝磁吸手机壳-17 Pro.jpg,7 D3O三合一HD深蓝磁吸手机壳-17 Pro.jpg,8 D3O三合一HD深蓝磁吸手机壳-17 Pro.jpg"
"7100415","8","1 D3O三合一HD深蓝磁吸手机壳-17 ProMax.jpg,2 D3O三合一HD深蓝磁吸手机壳-17 ProMax.jpg,3 D3O三合一HD深蓝磁吸手机壳-17 ProMax.jpg,4 D3O三合一HD深蓝磁吸手机壳-17 ProMax.jpg,5 D3O三合一HD深蓝磁吸手机壳-17 ProMax.jpg,6 D3O三合一HD深蓝磁吸手机壳-17 ProMax.jpg,7 D3O三合一HD深蓝磁吸手机壳-17 ProMax.jpg,8 D3O三合一HD深蓝磁吸手机壳-17 ProMax.jpg"
"7100416","7","2 D3O三合一PV深蓝磁吸手机壳-17 Pro.jpg,3 D3O三合一PV深蓝磁吸手机壳-17 Pro.jpg,4 D3O三合一PV深蓝磁吸手机壳-17 Pro.jpg,5 D3O三合一PV深蓝磁吸手机壳-17 Pro.jpg,6 D3O三合一PV深蓝磁吸手机壳-17 Pro.jpg,7 D3O三合一PV深蓝磁吸手机壳-17 Pro.jpg,8 D3O三合一PV深蓝磁吸手机壳-17 Pro.jpg"
"7100417","8","1 D3O三合一PV深蓝磁吸手机壳-17 Pro Max.jpg,2 D3O三合一PV深蓝磁吸手机壳-17 Pro Max.jpg,3 D3O三合一PV深蓝磁吸手机壳-17 Pro Max.jpg,4 D3O三合一PV深蓝磁吸手机壳-17 Pro Max.jpg,5 D3O三合一PV深蓝磁吸手机壳-17 ProMax.jpg,6 D3O三合一PV深蓝磁吸手机壳-17 ProMax.jpg,7 D3O三合一PV深蓝磁吸手机壳-17 ProMax.jpg,8 D3O三合一PV深蓝磁吸手机壳-17 ProMax.jpg"
"7100418","9","1-17 Pro 镜头软膜.jpg,2-17 Pro 镜头软膜.jpg,3-17 Pro 镜头软膜.jpg,4-17 Pro 镜头软膜.jpg,5-17 Pro 镜头软膜.jpg,6-17 Pro 镜头软膜.jpg,7-17 Pro 镜头软膜.jpg,8-17 Pro 镜头软膜.jpg,9-17 Pro 镜头软膜.jpg"
"7100419","9","1-17 ProMax 镜头软膜.jpg,2-17 ProMax 镜头软膜.jpg,3-17 ProMax 镜头软膜.jpg,4-17 ProMax 镜头软膜.jpg,5-17 ProMax 镜头软膜.jpg,6-17 ProMax 镜头软膜.jpg,7-17 ProMax 镜头软膜.jpg,8-17 ProMax 镜头软膜.jpg,9-17 ProMax 镜头软膜.jpg"
"7100420","7","1-17 Pro & Pro max 深蓝AR镜头膜.jpg,2-17 Pro & Pro max 深蓝AR镜头膜.jpg,3-17 Pro & Pro max 深蓝AR镜头膜.jpg,4-17 Pro & Pro max 深蓝AR镜头膜.jpg,5-17 Pro & Pro max 深蓝AR镜头膜.jpg,6-17 Pro & Pro max 深蓝AR镜头膜.jpg,7-17 Pro & Pro max 深蓝AR镜头膜.jpg"
"7100421","8","1-17 Pro & Pro max 银色AR镜头膜.jpg,2-17 Pro & Pro max 银色AR镜头膜.jpg,3-17 Pro & Pro max 银色AR镜头膜.jpg,4-17 Pro & Pro max 银色AR镜头膜.jpg,5-17 Pro & Pro max 银色AR镜头膜.jpg,6-17 Pro & Pro max 银色AR镜头膜.jpg,7-17 Pro & Pro max 银色AR镜头膜.jpg,8-通用.jpg"
"7100422","8","1-17 Pro & Pro max 橙色AR镜头膜.jpg,2-17 Pro & Pro max 橙色AR镜头膜.jpg,3-17 Pro & Pro max 橙色AR镜头膜.jpg,4-17 Pro & Pro max 橙色AR镜头膜.jpg,5-17 Pro & Pro max 橙色AR镜头膜.jpg,6-17 Pro & Pro max 橙色AR镜头膜.jpg,7-17 Pro & Pro max 橙色AR镜头膜 拷贝.jpg,8-通用.jpg"
"7100423","9","1-17 Pro & Pro max 橙色蓝宝石镜头膜.jpg,2-17 Pro & Pro max 橙色蓝宝石镜头膜.jpg,3-17 Pro & Pro max 橙色蓝宝石镜头膜.jpg,4-17 Pro & Pro max 橙色蓝宝石镜头膜.jpg,5-17 Pro & Pro max 橙色蓝宝石镜头膜.jpg,6-17 Pro & Pro max 橙色蓝宝石镜头膜.jpg,7-17 Pro & Pro max 橙色蓝宝石镜头膜_.jpg,8-17 Pro & Pro max 橙色蓝宝石镜头膜.jpg,9-17 Pro & Pro max 橙色蓝宝石镜头膜.jpg"
"7100424","9","1-17 Pro & Pro max 深蓝蓝宝石镜头膜.jpg,2-17 Pro & Pro max 深蓝蓝宝石镜头膜.jpg,3-17 Pro & Pro max 深蓝蓝宝石镜头膜.jpg,4-17 Pro & Pro max 深蓝蓝宝石镜头膜.jpg,5-17 Pro & Pro max 深蓝蓝宝石镜头膜.jpg,6-17 Pro & Pro max 深蓝蓝宝石镜头膜_.jpg,7-17 Pro & Pro max 深蓝蓝宝石镜头膜_.jpg,8-17 Pro & Pro max 深蓝蓝宝石镜头膜.jpg,9-17 Pro & Pro max 深蓝蓝宝石镜头膜.jpg"
"7100437","5","1 D3O+AR膜HD 17Pro.jpg,2 D3O+AR膜HD 17Pro.jpg,3 D3O+AR膜HD 17Pro.jpg,4  D3O+AR膜HD 17Pro.jpg,5 D3O+AR膜HD 17Pro.jpg"
"7100438","5","1 D3O+AR膜HD 17ProMax.jpg,2 D3O+AR膜HD 17ProMax.jpg,3 D3O+AR膜HD 17ProMax.jpg,4  D3O+AR膜HD 17ProMax.jpg,5 D3O+AR膜HD 17ProMax.jpg"
"7100439","5","1 D3O+AR膜PV 17Pro.jpg,2 D3O+AR膜PV 17Pro.jpg,3 D3O+AR膜PV 17Pro.jpg,4  D3O+AR膜PV 17Pro.jpg,5 D3O+AR膜PV 17Pro.jpg"
"7100440","5","1 D3O+AR膜PV17ProMax.jpg,2 D3O+AR膜PV 17ProMax.jpg,3 D3O+AR膜PV 17ProMax.jpg,4  D3O+AR膜PV 17ProMax.jpg,5 D3O+AR膜PV 17ProMax.jpg"
